{
	"format_version": "1.8.0",
	"animations": {
		"animation.rpg.idle": {
			"loop": "hold_on_last_frame",
			"animation_length": 6,
			"bones": {
				"wing1": {
					"rotation": {
						"0.2417": [0, 0, 0],
						"0.6": [0, 67.5, 0]
					}
				},
				"wing2": {
					"rotation": {
						"0.2417": [0, 0, 0],
						"0.6": [0, 67.5, 0]
					}
				},
				"wing3": {
					"rotation": {
						"0.2417": [0, 0, 0],
						"0.6": [0, 67.5, 0]
					}
				},
				"wing4": {
					"rotation": {
						"0.2417": [0, 0, 0],
						"0.6": [0, 67.5, 0]
					}
				},
				"wing5": {
					"rotation": {
						"0.2417": [0, 0, 0],
						"0.6": [0, 67.5, 0]
					}
				},
				"wing6": {
					"rotation": {
						"0.2417": [0, 0, 0],
						"0.6": [0, 67.5, 0]
					}
				},
				"wing7": {
					"rotation": {
						"0.2417": [0, 0, 0],
						"0.6": [0, 67.5, 0]
					}
				},
				"wing8": {
					"rotation": {
						"0.2417": [0, 0, 0],
						"0.6": [0, 67.5, 0]
					}
				},
				"body": {
					"rotation": {
						"0.0": [0, 0, 0],
						"6.0": [0, 10800, 0]
					}
				},
				"flare": {
					"scale": {
						"0.0": [0, 0, 0],
						"0.5": [0, 0, 0],
						"0.5417": [1.5, 1.5, 1.5],
						"0.5667": [1, 1, 1],
						"0.675": [1.05, 1.05, 1.05],
						"0.7833": [1.1, 1.1, 1.1],
						"0.8917": [1.05121, 1.05121, 1.05121],
						"1.0": [0.97056, 0.97056, 0.97056],
						"1.0583": [0.955, 0.955, 0.955],
						"1.1667": [0.97562, 0.97562, 0.97562],
						"1.275": [1.01085, 1.01085, 1.01085],
						"1.3833": [1.04249, 1.04249, 1.04249],
						"1.4417": [1.05, 1.05, 1.05],
						"1.55": [1.03425, 1.03425, 1.03425],
						"1.6583": [1.0079, 1.0079, 1.0079],
						"1.7667": [0.98218, 0.98218, 0.98218],
						"1.8583": [0.97, 0.97, 0.97],
						"1.9667": [0.98318, 0.98318, 0.98318],
						"2.075": [1.005, 1.005, 1.005],
						"2.1833": [1.02682, 1.02682, 1.02682],
						"2.2917": [1.04, 1.04, 1.04],
						"2.4": [1.00495, 1.00495, 1.00495],
						"2.5083": [0.95684, 0.95684, 0.95684],
						"2.5333": [0.955, 0.955, 0.955],
						"2.6417": [0.97562, 0.97562, 0.97562],
						"2.75": [1.01085, 1.01085, 1.01085],
						"2.8583": [1.04249, 1.04249, 1.04249],
						"2.9167": [1.05, 1.05, 1.05],
						"3.025": [1.03425, 1.03425, 1.03425],
						"3.1333": [1.0079, 1.0079, 1.0079],
						"3.2417": [0.98218, 0.98218, 0.98218],
						"3.3333": [0.97, 0.97, 0.97],
						"3.4417": [0.98318, 0.98318, 0.98318],
						"3.55": [1.005, 1.005, 1.005],
						"3.6583": [1.02682, 1.02682, 1.02682],
						"3.7667": [1.04, 1.04, 1.04],
						"3.875": [0.97636, 0.97636, 0.97636],
						"3.9167": [0.94107, 0.94107, 0.94107],
						"3.95": [0.955, 0.955, 0.955],
						"4.0583": [0.99318, 0.99318, 0.99318],
						"4.1667": [1.00498, 1.00498, 1.00498],
						"4.275": [1.02112, 1.02112, 1.02112],
						"4.325": [1.04197, 1.04197, 1.04197],
						"4.3333": [1.05, 1.05, 1.05],
						"4.4417": [1.04664, 1.04664, 1.04664],
						"4.55": [1.00677, 1.00677, 1.00677],
						"4.6583": [0.96833, 0.96833, 0.96833],
						"4.7333": [0.95994, 0.95994, 0.95994],
						"4.75": [0.97, 0.97, 0.97],
						"4.8583": [1.00099, 1.00099, 1.00099],
						"4.9667": [1.005, 1.005, 1.005],
						"5.075": [1.00901, 1.00901, 1.00901],
						"5.1667": [1.02741, 1.02741, 1.02741],
						"5.1833": [1.04, 1.04, 1.04]
					}
				}
			}
		}
	},
	"geckolib_format_version": 2
}